countrycode,shortname,tablename,longname,alpha2code,currencyunit,specialnotes,region,incomegroup,wb2code
AFG,Afghanistan,Afghanistan,Islamic State of Afghanistan,AF,Afghan afghani,Fiscal year end: March 20; reporting period for national accounts data: FY (from 2013 are CY). National accounts data are sourced from the IMF and differ from the Central Statistics Organization numbers due to exclusion of the opium economy.,South Asia,Low income,AF
ALB,Albania,Albania,Republic of Albania,AL,Albanian lek,,Europe & Central Asia,Upper middle income,AL
DZA,Algeria,Algeria,People's Democratic Republic of Algeria,DZ,Algerian dinar,,Middle East & North Africa,Upper middle income,DZ
ASM,American Samoa,American Samoa,American Samoa,AS,U.S. dollar,,East Asia & Pacific,Upper middle income,AS
ADO,Andorra,Andorra,Principality of Andorra,AD,Euro,,Europe & Central Asia,High income: nonOECD,AD
AGO,Angola,Angola,People's Republic of Angola,AO,Angolan kwanza,"April 2013 database update: Based on IMF data, national accounts data were revised for 2000 onward; the base year changed to 2002.",Sub-Saharan Africa,Upper middle income,AO
ATG,Antigua and Barbuda,Antigua and Barbuda,Antigua and Barbuda,AG,East Caribbean dollar,"April 2012 database update: Based on official government statistics, national accounts data were revised for 2000 onward; the base year changed to 2006.",Latin America & Caribbean,High income: nonOECD,AG
ARB,Arab World,Arab World,Arab World,1A,,Arab World aggregate. Arab World is composed of members of the League of Arab States.,,,1A
ARG,Argentina,Argentina,Argentine Republic,AR,Argentine peso,The base year has changed to 2004.,Latin America & Caribbean,High income: nonOECD,AR
ARM,Armenia,Armenia,Republic of Armenia,AM,Armenian dram,,Europe & Central Asia,Lower middle income,AM
ABW,Aruba,Aruba,Aruba,AW,Aruban florin,SNA data for 2000-2011 are updated from official government statistics; 1994-1999 from UN databases. Base year has changed from 1995 to 2000.,Latin America & Caribbean,High income: nonOECD,AW
AUS,Australia,Australia,Commonwealth of Australia,AU,Australian dollar,Fiscal year end: June 30; reporting period for national accounts data: FY. Value added current series updated by the Australian Bureau of Statistics; data revised from 1990 onward; Australia reports using SNA 2008.,East Asia & Pacific,High income: OECD,AU
AUT,Austria,Austria,Republic of Austria,AT,Euro,"A simple multiplier is used to convert the national currencies of EMU members to euros. The following irrevocable euro conversion rate was adopted by the EU Council on January 1, 1999: 1 euro = 13.7603 Austrian schilling. Please note that historical ",Europe & Central Asia,High income: OECD,AT
AZE,Azerbaijan,Azerbaijan,Republic of Azerbaijan,AZ,New Azeri manat,April 2012 database update: National accounts historical expenditure series in constant prices were revised in line with State Statistical Committee data that were not previously available.,Europe & Central Asia,Upper middle income,AZ
BHR,Bahrain,Bahrain,Kingdom of Bahrain,BH,Bahraini dinar,Based on official government statistics; the new base year is 2010.,Middle East & North Africa,High income: nonOECD,BH
BGD,Bangladesh,Bangladesh,People's Republic of Bangladesh,BD,Bangladeshi taka,Fiscal year end: June 30; reporting period for national accounts data: FY. The new base year is 2005/06.,South Asia,Lower middle income,BD
BRB,Barbados,Barbados,Barbados,BB,Barbados dollar,,Latin America & Caribbean,High income: nonOECD,BB
BLR,Belarus,Belarus,Republic of Belarus,BY,Belarusian rubel,,Europe & Central Asia,Upper middle income,BY
BEL,Belgium,Belgium,Kingdom of Belgium,BE,Euro,"A simple multiplier is used to convert the national currencies of EMU members to euros. The following irrevocable euro conversion rate was adopted by the EU Council on January 1, 1999: 1 euro = 40.3399 Belgian franc. Please note that historical data ",Europe & Central Asia,High income: OECD,BE
BLZ,Belize,Belize,Belize,BZ,Belize dollar,,Latin America & Caribbean,Upper middle income,BZ
BEN,Benin,Benin,Republic of Benin,BJ,West African CFA franc,,Sub-Saharan Africa,Low income,BJ
BMU,Bermuda,Bermuda,The Bermudas,BM,Bermuda dollar,,North America,High income: nonOECD,BM
BTN,Bhutan,Bhutan,Kingdom of Bhutan,BT,Bhutanese ngultrum,April 2013 database update: Data were updated using the government of Bhutan macroeconomic framework.,South Asia,Lower middle income,BT
BOL,Bolivia,Bolivia,Plurinational State of Bolivia,BO,Bolivian Boliviano,,Latin America & Caribbean,Lower middle income,BO
BIH,Bosnia and Herzegovina,Bosnia and Herzegovina,Bosnia and Herzegovina,BA,Bosnia and Herzegovina convertible mark,Based on official government statistics for chain linked series; the new reference year is 2010.,Europe & Central Asia,Upper middle income,BA
BWA,Botswana,Botswana,Republic of Botswana,BW,Botswana pula,"Fiscal year end: March 31; reporting period for national accounts data: CY. Based on official government statistics, national accounts data have been revised from 2006 onward; the new base year is 2006. Data before 2006 were reported on a fiscal year",Sub-Saharan Africa,Upper middle income,BW
BRA,Brazil,Brazil,Federative Republic of Brazil,BR,Brazilian real,,Latin America & Caribbean,Upper middle income,BR
BRN,Brunei,Brunei Darussalam,Brunei Darussalam,BN,Brunei dollar,,East Asia & Pacific,High income: nonOECD,BN
BGR,Bulgaria,Bulgaria,Republic of Bulgaria,BG,Bulgarian lev,The new reference year for chain linked series is 2010. April 2011 database update: The National Statistical Office revised national accounts data from 1995 onward. GDP in current prices were about 4 percent higher than previous estimates.,Europe & Central Asia,Upper middle income,BG
BFA,Burkina Faso,Burkina Faso,Burkina Faso,BF,West African CFA franc,,Sub-Saharan Africa,Low income,BF
BDI,Burundi,Burundi,Republic of Burundi,BI,Burundi franc,,Sub-Saharan Africa,Low income,BI
CPV,Cabo Verde,Cabo Verde,Republic of Cabo Verde,CV,Cabo Verde escudo,"Cabo Verde is the new name for the country previously listed as Cape Verde. Based on official government statistics and IMF data, national accounts data have been revised from 1990 onward; the new base year is 2007.",Sub-Saharan Africa,Lower middle income,CV
KHM,Cambodia,Cambodia,Kingdom of Cambodia,KH,Cambodian riel,,East Asia & Pacific,Low income,KH
CMR,Cameroon,Cameroon,Republic of Cameroon,CM,Central African CFA franc,,Sub-Saharan Africa,Lower middle income,CM
CAN,Canada,Canada,Canada,CA,Canadian dollar,Fiscal year end: March 31; reporting period for national accounts data: CY.,North America,High income: OECD,CA
CSS,Caribbean small states,Caribbean small states,Caribbean small states,S3,,"Caribbean small states aggregate. Includes Antigua and Barbuda, The Bahamas, Barbados, Belize, Guyana, Suriname, Dominica, Grenada, Jamaica, St. Kitts and Nevis, St. Lucia, St. Vincent and the Grenadines, and Trinidad and Tobago.",,,S3
CYM,Cayman Islands,Cayman Islands,Cayman Islands,KY,Cayman Islands dollar,,Latin America & Caribbean,High income: nonOECD,KY
CAF,Central African Republic,Central African Republic,Central African Republic,CF,Central African CFA franc,,Sub-Saharan Africa,Low income,CF
CEB,Central Europe and the Baltics,Central Europe and the Baltics,Central Europe and the Baltics,B8,,Central Europe and the Baltics aggregate.,,,B8
TCD,Chad,Chad,Republic of Chad,TD,Central African CFA franc,"Based on IMF data, national accounts data have been revised for 2005 onward; the new base year is 2005.",Sub-Saharan Africa,Low income,TD
CHI,Channel Islands,Channel Islands,Channel Islands,,Pound sterling,,Europe & Central Asia,High income: nonOECD,JG
CHL,Chile,Chile,Republic of Chile,CL,Chilean peso,,Latin America & Caribbean,High income: OECD,CL
CHN,China,China,People's Republic of China,CN,Chinese yuan,"On 1 July 1997 China resumed its exercise of sovereignty over Hong Kong; and on 20 December 1999 China resumed its exercise of sovereignty over Macao. Unless otherwise noted, data for China do not include data for Hong Kong SAR, China; Macao SAR, Chi",East Asia & Pacific,Upper middle income,CN
COL,Colombia,Colombia,Republic of Colombia,CO,Colombian peso,,Latin America & Caribbean,Upper middle income,CO
COM,Comoros,Comoros,Union of the Comoros,KM,Comorian franc,,Sub-Saharan Africa,Low income,KM
COG,Congo,"Congo, Rep.",Republic of Congo,CG,Central African CFA franc,"April 2013 database update: Based on IMF data, national accounts data were revised for 1990 onward; the base year changed to 1990.",Sub-Saharan Africa,Lower middle income,CG
CRI,Costa Rica,Costa Rica,Republic of Costa Rica,CR,Costa Rican colon,,Latin America & Caribbean,Upper middle income,CR
CIV,Côte d'Ivoire,Côte d'Ivoire,Republic of Côte d'Ivoire,CI,West African CFA franc,The new base year is 2009.,Sub-Saharan Africa,Lower middle income,CI
HRV,Croatia,Croatia,Republic of Croatia,HR,Croatian kuna,"The new reference year for chain linked series is 2010. April 2013 database update: Based on official government statistics, the base year for constant price series changed to 2005.",Europe & Central Asia,High income: nonOECD,HR
CUB,Cuba,Cuba,Republic of Cuba,CU,Cuban peso,,Latin America & Caribbean,Upper middle income,CU
CUW,Curaçao,Curaçao,Curaçao,CW,Netherlands Antillean guilder,,Latin America & Caribbean,High income: nonOECD,CW
CYP,Cyprus,Cyprus,Republic of Cyprus,CY,Euro,"A simple multiplier is used to convert the national currencies of EMU members to euros. The following irrevocable euro conversion rate entered into force on January 1, 2008: 1 euro = 0.585274 Cyprus pounds. Please note that historical data are not ac",Europe & Central Asia,High income: nonOECD,CY
CZE,Czech Republic,Czech Republic,Czech Republic,CZ,Czech koruna,,Europe & Central Asia,High income: OECD,CZ
PRK,Dem. People's Rep. Korea,"Korea, Dem. Rep.",Democratic People's Republic of Korea,KP,Democratic People's Republic of Korean won,,East Asia & Pacific,Low income,KP
ZAR,Dem. Rep. Congo,"Congo, Dem. Rep.",Democratic Republic of the Congo,CD,Congolese franc,Based on official government statistics; the new base year 2005.,Sub-Saharan Africa,Low income,ZR
DNK,Denmark,Denmark,Kingdom of Denmark,DK,Danish krone,,Europe & Central Asia,High income: OECD,DK
DJI,Djibouti,Djibouti,Republic of Djibouti,DJ,Djibouti franc,,Middle East & North Africa,Lower middle income,DJ
DMA,Dominica,Dominica,Commonwealth of Dominica,DM,East Caribbean dollar,"April 2012 database update: Based on official government statistics, national accounts data were revised for 2000 onward; the base year changed to 2006.",Latin America & Caribbean,Upper middle income,DM
DOM,Dominican Republic,Dominican Republic,Dominican Republic,DO,Dominican peso,,Latin America & Caribbean,Upper middle income,DO
EAS,East Asia & Pacific (all income levels),East Asia & Pacific (all income levels),East Asia & Pacific (all income levels),Z4,,East Asia and Pacific regional aggregate (including high-income economies).,,,Z4
EAP,East Asia & Pacific (developing only),East Asia & Pacific,East Asia & Pacific (developing only),4E,,East Asia and Pacific regional aggregate (does not include high-income economies).,,,4E
ECU,Ecuador,Ecuador,Republic of Ecuador,EC,U.S. dollar,National accounts have been revised from 1965 onward based on official government data; the new base year is 2007. The large upward changes are due to an improved calculation method for nominal GDP.,Latin America & Caribbean,Upper middle income,EC
EGY,Egypt,"Egypt, Arab Rep.",Arab Republic of Egypt,EG,Egyptian pound,Fiscal year end: June 30; reporting period for national accounts data: FY. The new base year is 2001/02.,Middle East & North Africa,Lower middle income,EG
SLV,El Salvador,El Salvador,Republic of El Salvador,SV,U.S. dollar,,Latin America & Caribbean,Lower middle income,SV
GNQ,Equatorial Guinea,Equatorial Guinea,Republic of Equatorial Guinea,GQ,Central African CFA franc,National accounts have been revised from 1980 onward based on IMF data and official government statistics; the new base year is 2006.,Sub-Saharan Africa,High income: nonOECD,GQ
ERI,Eritrea,Eritrea,State of Eritrea,ER,Eritrean nakfa,"April 2013 database update: Based on IMF data, national accounts data were revised for 2000 onward; the base year changed to 2000.",Sub-Saharan Africa,Low income,ER
EST,Estonia,Estonia,Republic of Estonia,EE,Euro,"A simple multiplier is used to convert the national currencies of EMU members to euros. The following irrevocable euro conversion rate entered into force on January 1, 2011: 1 euro = 15.6466 Estonian kroon. Please note that historical data are not ac",Europe & Central Asia,High income: OECD,EE
ETH,Ethiopia,Ethiopia,Federal Democratic Republic of Ethiopia,ET,Ethiopian birr,"Fiscal year end: July 7; reporting period for national accounts data: FY. Based on IMF data, national accounts data have been revised for 2000 onward; the new base year is 2010/11.",Sub-Saharan Africa,Low income,ET
EMU,Euro area,Euro area,Euro area,XC,,Euro area aggregate.,,,XC
ECS,Europe & Central Asia (all income levels),Europe & Central Asia (all income levels),Europe & Central Asia (all income levels),Z7,,Europe and Central Asia regional aggregate (including high-income economies).,,,Z7
ECA,Europe & Central Asia (developing only),Europe & Central Asia,Europe & Central Asia (developing only),7E,,Europe and Central Asia regional aggregate (does not include high-income economies).,,,7E
EUU,European Union,European Union,European Union,EU,,European Union aggregate.,,,EU
FRO,Faeroe Islands,Faeroe Islands,Faeroe Islands,FO,Danish krone,,Europe & Central Asia,High income: nonOECD,FO
FJI,Fiji,Fiji,Republic of Fiji,FJ,Fijian dollar,"Based on data from the Bureau of Statistics, national accounts data on the expenditure side have been revised from 2005 onward; the new base year is 2005.",East Asia & Pacific,Upper middle income,FJ
FIN,Finland,Finland,Republic of Finland,FI,Euro,"A simple multiplier is used to convert the national currencies of EMU members to euros. The following irrevocable euro conversion rate was adopted by the EU Council on January 1, 1999: 1 euro = 5.94573 Finnish markka. Please note that historical data",Europe & Central Asia,High income: OECD,FI
FCS,Fragile and conflict affected situations,Fragile and conflict affected situations,Fragile situations,F1,,Fragile situations aggregate. Note:  Countries with fragile situations are primarily International Development Association-eligible countries and nonmember or inactive countries and territories with a 3.2 or lower harmonized average of the World Bank,,,F1
FRA,France,France,French Republic,FR,Euro,"A simple multiplier is used to convert the national currencies of EMU members to euros. The following irrevocable euro conversion rate was adopted by the EU Council on January 1, 1999: 1 euro = 6.55957 French franc. Please note that historical data b",Europe & Central Asia,High income: OECD,FR
PYF,French Polynesia,French Polynesia,French Polynesia,PF,CFP franc,,East Asia & Pacific,High income: nonOECD,PF
GAB,Gabon,Gabon,Gabonese Republic,GA,Central African CFA franc,Based on IMF data and official government statistics; the new base year is 2001.,Sub-Saharan Africa,Upper middle income,GA
GEO,Georgia,Georgia,Georgia,GE,Georgian lari,,Europe & Central Asia,Lower middle income,GE
DEU,Germany,Germany,Federal Republic of Germany,DE,Euro,"A simple multiplier is used to convert the national currencies of EMU members to euros. The following irrevocable euro conversion rate was adopted by the EU Council on January 1, 1999: 1 euro = 1.95583 German mark. Please note that historical data be",Europe & Central Asia,High income: OECD,DE
GHA,Ghana,Ghana,Republic of Ghana,GH,New Ghanaian cedi,"In 2010, the Ghana Statistical Service revised the base year for Ghana's national accounts series from 1993 to 2006. The new GDP data were about 60 percent higher than previously reported and incorporated improved data sources and methodology.",Sub-Saharan Africa,Lower middle income,GH
GRC,Greece,Greece,Hellenic Republic,GR,Euro,"A simple multiplier is used to convert the national currencies of EMU members to euros. The following irrevocable euro conversion rate was adopted by the EU Council on January 1, 1999: 1 euro = 340.75 Greek drachma. Please note that historical data b",Europe & Central Asia,High income: OECD,GR
GRL,Greenland,Greenland,Greenland,GL,Danish krone,,Europe & Central Asia,High income: nonOECD,GL
GRD,Grenada,Grenada,Grenada,GD,East Caribbean dollar,"April 2012 database update: Based on official government statistics, national accounts data were revised for 2000 onward; the base year changed to 2006.",Latin America & Caribbean,Upper middle income,GD
GUM,Guam,Guam,Guam,GU,U.S. dollar,,East Asia & Pacific,High income: nonOECD,GU
GTM,Guatemala,Guatemala,Republic of Guatemala,GT,Guatemalan quetzal,,Latin America & Caribbean,Lower middle income,GT
GIN,Guinea,Guinea,Republic of Guinea,GN,Guinean franc,,Sub-Saharan Africa,Low income,GN
GNB,Guinea-Bissau,Guinea-Bissau,Republic of Guinea-Bissau,GW,West African CFA franc,"In 2010, national accounts data for 2003-09 were revised. The new data had broader coverage of all sectors of the economy, and GDP in current prices averaged 89 percent higher than previous estimates.",Sub-Saharan Africa,Low income,GW
GUY,Guyana,Guyana,Co-operative Republic of Guyana,GY,Guyana dollar,"In 2010, the Bureau of Statistics introduced a new series of GDP rebased to year 2006. Current price GDP averaged 63 percent higher than previous estimates.",Latin America & Caribbean,Lower middle income,GY
HTI,Haiti,Haiti,Republic of Haiti,HT,Haitian gourde,"Fiscal year end: September 30; reporting period for national accounts data: FY. In 2010, the government revised national accounts data following changes in the methodology. Current price series since 1991 and constant price series since 1996 were rev",Latin America & Caribbean,Low income,HT
HPC,Heavily indebted poor countries (HIPC),Heavily indebted poor countries (HIPC),Heavily indebted poor countries (HIPC),XE,,Heavily indebted poor countries aggregate.,,,XE
HIC,High income,High income,High income,XD,,"High income group aggregate. High-income economies are those in which 2014 GNI per capita was $12,736 or more.",,,XD
NOC,High income: nonOECD,High income: nonOECD,High income: nonOECD,XR,,"High income nonOECD aggregate. High-income economies are those in which 2014 GNI per capita was $12,736 or more.",,,XR
OEC,High income: OECD,High income: OECD,High income: OECD,XS,,"High income OECD members aggregate. High-income economies are those in which 2014 GNI per capita was $12,736 or more.",,,XS
HND,Honduras,Honduras,Republic of Honduras,HN,Honduran lempira,,Latin America & Caribbean,Lower middle income,HN
HKG,"Hong Kong SAR, China","Hong Kong SAR, China",Hong Kong Special Administrative Region of the People's Republic of China,HK,Hong Kong dollar,"On 1 July 1997 China resumed its exercise of sovereignty over Hong Kong. Unless otherwise noted, data for China do not include data for Hong Kong SAR, China; Macao SAR, China; or Taiwan, China. Agriculture value added includes mining and quarrying.",East Asia & Pacific,High income: nonOECD,HK
HUN,Hungary,Hungary,Hungary,HU,Hungarian forint,"April 2012 database update: Based on data from the Organisation for Economic Co-operation and Development, national accounts data were revised for 1991 onward.",Europe & Central Asia,High income: OECD,HU
ISL,Iceland,Iceland,Republic of Iceland,IS,Iceland krona,,Europe & Central Asia,High income: OECD,IS
IND,India,India,Republic of India,IN,Indian rupee,Fiscal year end: March 31; reporting period for national accounts data: FY. Based on official government statistics; the new base year is 2011/12. India reports using SNA 2008.,South Asia,Lower middle income,IN
IDN,Indonesia,Indonesia,Republic of Indonesia,ID,Indonesian rupiah,Fiscal year end: March 31; reporting period for national accounts data: CY. Data for Indonesia include Timor-Leste through 1999 unless otherwise noted. New base year is 2010.,East Asia & Pacific,Lower middle income,ID
IRN,Iran,"Iran, Islamic Rep.",Islamic Republic of Iran,IR,Iranian rial,Fiscal year end: March 20; reporting period for national accounts data: FY.,Middle East & North Africa,Upper middle income,IR
IRQ,Iraq,Iraq,Republic of Iraq,IQ,Iraqi dinar,,Middle East & North Africa,Upper middle income,IQ
IRL,Ireland,Ireland,Ireland,IE,Euro,"A simple multiplier is used to convert the national currencies of EMU members to euros. The following irrevocable euro conversion rate was adopted by the EU Council on January 1, 1999: 1 euro = 0.787564 Irish pound. Please note that historical data b",Europe & Central Asia,High income: OECD,IE
IMY,Isle of Man,Isle of Man,Isle of Man,IM,Pound sterling,,Europe & Central Asia,High income: nonOECD,IM
ISR,Israel,Israel,State of Israel,IL,Israeli new shekel,Based on official government statistics for chain linked series; the new reference year is 2010.,Middle East & North Africa,High income: OECD,IL
ITA,Italy,Italy,Italian Republic,IT,Euro,"A simple multiplier is used to convert the national currencies of EMU members to euros. The following irrevocable euro conversion rate was adopted by the EU Council on January 1, 1999: 1 euro = 1936.27 Italian lira. Please note that historical data b",Europe & Central Asia,High income: OECD,IT
JAM,Jamaica,Jamaica,Jamaica,JM,Jamaican dollar,"April 2013 database update: Based on official government statistics, national accounts data were revised for 2002 onward; the base year changed to 2007.",Latin America & Caribbean,Upper middle income,JM
JPN,Japan,Japan,Japan,JP,Japanese yen,Fiscal year end: March 31; reporting period for national accounts data: CY.,East Asia & Pacific,High income: OECD,JP
JOR,Jordan,Jordan,Hashemite Kingdom of Jordan,JO,Jordanian dinar,,Middle East & North Africa,Upper middle income,JO
KAZ,Kazakhstan,Kazakhstan,Republic of Kazakhstan,KZ,Kazakh tenge,The new reference year for chain linked series is 2005.,Europe & Central Asia,Upper middle income,KZ
KEN,Kenya,Kenya,Republic of Kenya,KE,Kenyan shilling,Fiscal year end: June 30; reporting period for national accounts data: CY. Based on official government statistics; the new base year is 2009.,Sub-Saharan Africa,Lower middle income,KE
KIR,Kiribati,Kiribati,Republic of Kiribati,KI,Australian dollar,"Based on IMF and World Bank data, GDP in current and constant prices have been revised from 2000 onward. Value added components are calculated using shares from the Asian Development Bank.",East Asia & Pacific,Lower middle income,KI
KOR,Korea,"Korea, Rep.",Republic of Korea,KR,Korean won,The new base year is 2010. GDP data are available from 1970 onward while components are revised from 2000 onward only. Historical data in constant prices are linked to preserve growth rates.,East Asia & Pacific,High income: OECD,KR
KSV,Kosovo,Kosovo,Republic of Kosovo,,Euro,"Kosovo became a World Bank member on June 29, 2009. Since 1999, Kosovo has been a territory under international administration pursuant to UN Security Council Resolution 1244 (1999).",Europe & Central Asia,Lower middle income,XK
KWT,Kuwait,Kuwait,State of Kuwait,KW,Kuwaiti dinar,Fiscal year end: June 30; reporting period for national accounts data: CY. Based on official government statistics; the new base year is 2010.,Middle East & North Africa,High income: nonOECD,KW
KGZ,Kyrgyz Republic,Kyrgyz Republic,Kyrgyz Republic,KG,Kyrgyz som,,Europe & Central Asia,Lower middle income,KG
LAO,Lao PDR,Lao PDR,Lao People's Democratic Republic,LA,Lao kip,,East Asia & Pacific,Lower middle income,LA
LCN,Latin America & Caribbean (all income levels),Latin America & Caribbean (all income levels),Latin America & Caribbean (all income levels),ZJ,,Latin America and Caribbean regional aggregate (including high-income economies).,,,ZJ
LAC,Latin America & Caribbean (developing only),Latin America & Caribbean,Latin America & Caribbean (developing only),XJ,,Latin America and Caribbean regional aggregate (does not include high-income economies).,,,XJ
LVA,Latvia,Latvia,Republic of Latvia,LV,Euro,"A simple multiplier is used to convert the national currencies of EMU members to euros. The following irrevocable euro conversion rate entered into force on January 1, 2014: 1 euro = 0.702804 Latvian lats. Please note that historical data are not act",Europe & Central Asia,High income: nonOECD,LV
LDC,Least developed countries: UN classification,Least developed countries: UN classification,Least developed countries: UN classification,XL,,Least developed countries (UN classification) aggregate.,,,XL
LBN,Lebanon,Lebanon,Lebanese Republic,LB,Lebanese pound,,Middle East & North Africa,Upper middle income,LB
LSO,Lesotho,Lesotho,Kingdom of Lesotho,LS,Lesotho loti,Fiscal year end: March 31; reporting period for national accounts data: CY.,Sub-Saharan Africa,Lower middle income,LS
LBR,Liberia,Liberia,Republic of Liberia,LR,U.S. dollar,National accounts local currency data have been revised to be reported in U.S. dollars.,Sub-Saharan Africa,Low income,LR
LBY,Libya,Libya,Socialist People's Libyan Arab Jamahiriya,LY,Libyan dinar,National accounts data are revised from 2010 to 2013 based on IMF and World Bank staff estimates.,Middle East & North Africa,Upper middle income,LY
LIE,Liechtenstein,Liechtenstein,Principality of Liechtenstein,LI,Swiss franc,,Europe & Central Asia,High income: nonOECD,LI
LTU,Lithuania,Lithuania,Republic of Lithuania,LT,Euro,"A simple multiplier is used to convert the national currencies of EMU members to euros. The following irrevocable euro conversion rate entered into force on January 1, 2015: 1 euro = 3.45280 Lithuanian litas. Please note that historical data are not ",Europe & Central Asia,High income: nonOECD,LT
LMY,Low & middle income,Low & middle income,Low & middle income,XO,,"Low and middle income group aggregate (all developing economies). Low- and middle-income economies are those in which 2014 GNI per capita was $12,735 or less.",,,XO
LIC,Low income,Low income,Low income,XM,,"Low income group aggregate. Low-income economies are those in which 2014 GNI per capita was $1,045 or less.",,,XM
LMC,Lower middle income,Lower middle income,Lower middle income,XN,,"Lower middle income group aggregate. Lower-middle-income economies are those in which 2014 GNI per capita was between $1,046 and $4,125.",,,XN
LUX,Luxembourg,Luxembourg,Grand Duchy of Luxembourg,LU,Euro,"A simple multiplier is used to convert the national currencies of EMU members to euros. The following irrevocable euro conversion rate was adopted by the EU Council on January 1, 1999: 1 euro = 40.3399 Luxembourg franc. Please note that historical da",Europe & Central Asia,High income: OECD,LU
MAC,"Macao SAR, China","Macao SAR, China",Macao Special Administrative Region of the People's Republic of China,MO,Macao pataca,"On 20 December 1999 China resumed its exercise of sovereignty over Macao. Unless otherwise noted, data for China do not include data for Hong Kong SAR, China; Macao SAR, China; or Taiwan, China.",East Asia & Pacific,High income: nonOECD,MO
MKD,Macedonia,"Macedonia, FYR",Former Yugoslav Republic of Macedonia,MK,Macedonian denar,New base year is 2005.,Europe & Central Asia,Upper middle income,MK
MDG,Madagascar,Madagascar,Republic of Madagascar,MG,Malagasy ariary,,Sub-Saharan Africa,Low income,MG
MWI,Malawi,Malawi,Republic of Malawi,MW,Malawi kwacha,"Fiscal year end: March 31; reporting period for national accounts data: CY. Based on IMF data, national accounts data have been revised for 2000 onward; the new base year is 2009.",Sub-Saharan Africa,Low income,MW
MYS,Malaysia,Malaysia,Malaysia,MY,Malaysian ringgit,,East Asia & Pacific,Upper middle income,MY
MDV,Maldives,Maldives,Republic of Maldives,MV,Maldivian rufiyaa,April 2012 database update: The Department of National Planning revised national accounts data for 2000 onward; the base year changed to 2003.,South Asia,Upper middle income,MV
MLI,Mali,Mali,Republic of Mali,ML,West African CFA franc,,Sub-Saharan Africa,Low income,ML
MLT,Malta,Malta,Republic of Malta,MT,Euro,"A simple multiplier is used to convert the national currencies of EMU members to euros. The following irrevocable euro conversion rate entered into force on January 1, 2008: 1 euro = 0.4293 Maltese lira. Please note that historical data are not actua",Middle East & North Africa,High income: nonOECD,MT
MHL,Marshall Islands,Marshall Islands,Republic of the Marshall Islands,MH,U.S. dollar,Fiscal year ends on September 30; reporting period for national accounts data: FY.,East Asia & Pacific,Upper middle income,MH
MRT,Mauritania,Mauritania,Islamic Republic of Mauritania,MR,Mauritanian ouguiya,Based on official statistics from the Ministry of Economic Affairs and Development; the base year has been returned to 2004.,Sub-Saharan Africa,Lower middle income,MR
MUS,Mauritius,Mauritius,Republic of Mauritius,MU,Mauritian rupee,,Sub-Saharan Africa,Upper middle income,MU
MEX,Mexico,Mexico,United Mexican States,MX,Mexican peso,The new base year is 2008.,Latin America & Caribbean,Upper middle income,MX
FSM,Micronesia,"Micronesia, Fed. Sts.",Federated States of Micronesia,FM,U.S. dollar,"Fiscal year ends on September 30; reporting period for national accounts data: FY. Based on the Pacific and Virgin Islands Training Initiative, national accounts data have been revised from 2009 onward. 2013 estimates are based on the IMF Small State",East Asia & Pacific,Lower middle income,FM
MEA,Middle East & North Africa (all income levels),Middle East & North Africa (all income levels),Middle East & North Africa (all income levels),ZQ,,Middle East and North Africa regional aggregate (including high-income economies).,,,ZQ
MNA,Middle East & North Africa (developing only),Middle East & North Africa,Middle East & North Africa (developing only),XQ,,Middle East and North Africa regional aggregate (does not include high-income economies).,,,XQ
MIC,Middle income,Middle income,Middle income,XP,,"Middle income group aggregate. Middle-income economies are those in which 2014 GNI per capita was between $1,046 and $12,735.",,,XP
MDA,Moldova,Moldova,Republic of Moldova,MD,Moldovan leu,,Europe & Central Asia,Lower middle income,MD
MCO,Monaco,Monaco,Principality of Monaco,MC,Euro,,Europe & Central Asia,High income: nonOECD,MC
MNG,Mongolia,Mongolia,Mongolia,MN,Mongolian tugrik,The new base year is 2010.,East Asia & Pacific,Upper middle income,MN
MNE,Montenegro,Montenegro,Montenegro,ME,Euro,"Montenegro declared independence from Serbia and Montenegro on June 3, 2006. Where available, data for each country are shown separately. However, for Serbia, some indicators continue to include data for Montenegro through 2005.",Europe & Central Asia,Upper middle income,ME
MAR,Morocco,Morocco,Kingdom of Morocco,MA,Moroccan dirham,,Middle East & North Africa,Lower middle income,MA
MOZ,Mozambique,Mozambique,Republic of Mozambique,MZ,New Mozambican metical,Based on official government statistics; the new base year is 2009.,Sub-Saharan Africa,Low income,MZ
MMR,Myanmar,Myanmar,Republic of the Union of Myanmar,MM,Myanmar kyat,Fiscal year end: March 31; reporting period for national accounts data: FY.,East Asia & Pacific,Lower middle income,MM
NAM,Namibia,Namibia,Republic of Namibia,,Namibian dollar,"Fiscal year end: March 31; reporting period for national accounts data: CY. Based on official government statistics, national accounts data have been revised from 1980 onward; the new base year is 2010.",Sub-Saharan Africa,Upper middle income,
NPL,Nepal,Nepal,Nepal,NP,Nepalese rupee,Fiscal year end: July 14; reporting period for national accounts data: FY.,South Asia,Low income,NP
NLD,Netherlands,Netherlands,Kingdom of the Netherlands,NL,Euro,"A simple multiplier is used to convert the national currencies of EMU members to euros. The following irrevocable euro conversion rate was adopted by the EU Council on January 1, 1999: 1 euro = 2.20371 Netherlands guilder. Please note that historical",Europe & Central Asia,High income: OECD,NL
NCL,New Caledonia,New Caledonia,New Caledonia,NC,CFP franc,,East Asia & Pacific,High income: nonOECD,NC
NZL,New Zealand,New Zealand,New Zealand,NZ,New Zealand dollar,Fiscal year end: March 31; reporting period for national accounts data: CY.,East Asia & Pacific,High income: OECD,NZ
NIC,Nicaragua,Nicaragua,Republic of Nicaragua,NI,Nicaraguan gold cordoba,"April 2013 database update: Based on official government statistics, national accounts data were revised for 1994 onward; the base year changed to 2006.",Latin America & Caribbean,Lower middle income,NI
NER,Niger,Niger,Republic of Niger,NE,West African CFA franc,"Based on official government statistics, national accounts data have been revised from 2006 onward; the new base year is 2006.",Sub-Saharan Africa,Low income,NE
NGA,Nigeria,Nigeria,Federal Republic of Nigeria,NG,Nigerian naira,"Based on official government statistics released 6 April, 2014, national accounts data have been revised from 2010 onward; the new base year is 2010. The new GDP data are 60 to 75 percent higher than previously reported and incorporate improved data ",Sub-Saharan Africa,Lower middle income,NG
NAC,North America,North America,North America,XU,,North America regional aggregate. There are no economies in North America classified as low or middle income.,,,XU
MNP,Northern Mariana Islands,Northern Mariana Islands,Commonwealth of the Northern Mariana Islands,MP,U.S. dollar,,East Asia & Pacific,High income: nonOECD,MP
NOR,Norway,Norway,Kingdom of Norway,NO,Norwegian krone,,Europe & Central Asia,High income: OECD,NO
OED,OECD members,OECD members,OECD members,OE,,"OECD members aggregate (all, including developing countries).",,,OE
OMN,Oman,Oman,Sultanate of Oman,OM,Rial Omani,Based on official government statistics; the new base year is 2010.,Middle East & North Africa,High income: nonOECD,OM
OSS,Other small states,Other small states,Other small states,S4,,"Other small states aggregate. Includes Bhutan, Botswana, Cabo Verde, Comoros, Djibouti, Equatorial Guinea, Gabon, The Gambia, Guinea-Bissau, Lesotho, Maldives, Mauritius, Montenegro, Namibia, Sao Tome and Principe, Seychelles, Swaziland, and Timor-Le",,,S4
PSS,Pacific island small states,Pacific island small states,Pacific island small states,S2,,"Pacific island small states aggregate. Includes Fiji, Kiribati, Marshall Islands, Federated States of Micronesia, Palau, Samoa, Solomon Islands, Tonga, Tuvalu, and Vanuatu.",,,S2
PAK,Pakistan,Pakistan,Islamic Republic of Pakistan,PK,Pakistani rupee,Fiscal year end: June 30; reporting period for national accounts data: FY. The new base year is 2005/06.,South Asia,Lower middle income,PK
PLW,Palau,Palau,Republic of Palau,PW,U.S. dollar,Fiscal year ends on September 30; reporting period for national accounts data: FY. National accounts data are revised based on IMF reports.,East Asia & Pacific,Upper middle income,PW
PAN,Panama,Panama,Republic of Panama,PA,Panamanian balboa,The new base year is 2007.,Latin America & Caribbean,Upper middle income,PA
PNG,Papua New Guinea,Papua New Guinea,The Independent State of Papua New Guinea,PG,Papua New Guinea kina,,East Asia & Pacific,Lower middle income,PG
PRY,Paraguay,Paraguay,Republic of Paraguay,PY,Paraguayan guarani,National accounts data have been revised from 1960 onward. The methodology and base year have not changed but the output of two hydroelectric plants (shared with neighboring countries) has been added raising GDP from previous estimates. On the supply,Latin America & Caribbean,Upper middle income,PY
PER,Peru,Peru,Republic of Peru,PE,Peruvian new sol,The new base year is 2007.,Latin America & Caribbean,Upper middle income,PE
PHL,Philippines,Philippines,Republic of the Philippines,PH,Philippine peso,Source for GNI and net income from abroad is changed to national statistical office from central bank. April 2012 database update: National accounts data were revised for 1998 onward. Because intellectual property products are now reported as a part ,East Asia & Pacific,Lower middle income,PH
POL,Poland,Poland,Republic of Poland,PL,Polish zloty,,Europe & Central Asia,High income: OECD,PL
PRT,Portugal,Portugal,Portuguese Republic,PT,Euro,"A simple multiplier is used to convert the national currencies of EMU members to euros. The following irrevocable euro conversion rate was adopted by the EU Council on January 1, 1999: 1 euro = 200.482 Portuguese escudo. Please note that historical d",Europe & Central Asia,High income: OECD,PT
PRI,Puerto Rico,Puerto Rico,Puerto Rico,PR,U.S. dollar,"Fiscal year end: June 30; reporting period for national accounts data: FY. April 2012 database update: Based on data from the Instituto de Estadísticas de Puerto Rico, national accounts data were revised for 2001 onward.",Latin America & Caribbean,High income: nonOECD,PR
QAT,Qatar,Qatar,State of Qatar,QA,Qatari riyal,,Middle East & North Africa,High income: nonOECD,QA
ROM,Romania,Romania,Romania,RO,New Romanian leu,,Europe & Central Asia,Upper middle income,RO
RUS,Russia,Russian Federation,Russian Federation,RU,Russian ruble,,Europe & Central Asia,High income: nonOECD,RU
RWA,Rwanda,Rwanda,Republic of Rwanda,RW,Rwandan franc,"Based on official government statistics, national accounts data are revised for 2006 onward; the new base year is 2011. Rwanda reports using SNA 2008.",Sub-Saharan Africa,Low income,RW
WSM,Samoa,Samoa,Samoa,WS,Samoan tala,Fiscal year ends on June 30; reporting period for national accounts data: FY. Data are revised from Samoa Bureau of Statistics and Central Bank of Samoa. The new base year is 2008/09. Other methodological changes include increased reliance on summary,East Asia & Pacific,Lower middle income,WS
SMR,San Marino,San Marino,Republic of San Marino,SM,Euro,,Europe & Central Asia,High income: nonOECD,SM
STP,São Tomé and Principe,São Tomé and Principe,Democratic Republic of São Tomé and Principe,ST,São Tomé and Principe dobra,,Sub-Saharan Africa,Lower middle income,ST
SAU,Saudi Arabia,Saudi Arabia,Kingdom of Saudi Arabia,SA,Saudi Arabian riyal,The new base year is 2010.,Middle East & North Africa,High income: nonOECD,SA
SEN,Senegal,Senegal,Republic of Senegal,SN,West African CFA franc,,Sub-Saharan Africa,Lower middle income,SN
SRB,Serbia,Serbia,Republic of Serbia,RS,New Serbian dinar,"Montenegro declared independence from Serbia and Montenegro on June 3, 2006. Where available, data for each country are shown separately. However, for Serbia, some indicators, such as those series for which data appear only for Serbia and not Montene",Europe & Central Asia,Upper middle income,YF
SYC,Seychelles,Seychelles,Republic of Seychelles,SC,Seychelles rupee,"April 2013 database update: Based on official government statistics, national accounts data were revised for 1976 onward; the base year changed to 2006.",Sub-Saharan Africa,High income: nonOECD,SC
SLE,Sierra Leone,Sierra Leone,Republic of Sierra Leone,SL,Sierra Leonean leone,"Fiscal year end: June 30; reporting period for national accounts data: CY. April 2013 database update: Based on official government statistics, national accounts data were revised for 1990 onward; the base year changed to 2006.",Sub-Saharan Africa,Low income,SL
SGP,Singapore,Singapore,Republic of Singapore,SG,Singapore dollar,Fiscal year end: March 31; reporting period for national accounts data: CY. Country reports using a blend of SNA 1993 and SNA 2008. April 2012 database update: National accounts time series were replaced with official government statistics.,East Asia & Pacific,High income: nonOECD,SG
SXM,Sint Maarten (Dutch part),Sint Maarten (Dutch part),Sint Maarten (Dutch part),SX,Netherlands Antillean guilder,,Latin America & Caribbean,High income: nonOECD,SX
SVK,Slovak Republic,Slovak Republic,Slovak Republic,SK,Euro,"A simple multiplier is used to convert the national currencies of EMU members to euros. The following irrevocable euro conversion rate entered into force on January 1, 2009: 1 euro = 30.126 Slovak koruna. Please note that historical data are not actu",Europe & Central Asia,High income: OECD,SK
SVN,Slovenia,Slovenia,Republic of Slovenia,SI,Euro,"A simple multiplier is used to convert the national currencies of EMU members to euros. The following irrevocable euro conversion rate entered into force on January 1, 2007: 1 euro = 239.64 Slovenian tolar. Please note that historical data are not ac",Europe & Central Asia,High income: OECD,SI
SST,Small states,Small states,Small states,S1,,"Small states aggregate. Includes 41 members of the Small States Forum. (Does not include the high-income countries Bahrain, Brunei Darussalam, Cyprus, Estonia, Iceland, Malta, Qatar, and San Marino.)",,,S1
SLB,Solomon Islands,Solomon Islands,Solomon Islands,SB,Solomon Islands dollar,National accounts data have been revised from 2007 to 2013 based on IMF reports.,East Asia & Pacific,Lower middle income,SB
SOM,Somalia,Somalia,Somali Democratic Republic,SO,Somali shilling,,Sub-Saharan Africa,Low income,SO
ZAF,South Africa,South Africa,Republic of South Africa,ZA,South African rand,Fiscal year end: March 31; reporting period for national accounts data: CY. The new base year is 2010. South Africa reports using SNA 2008.,Sub-Saharan Africa,Upper middle income,ZA
SAS,South Asia,South Asia,South Asia,8S,,South Asia regional aggregate. There are no economies in South Asia classified as high income.,,,8S
SSD,South Sudan,South Sudan,Republic of South Sudan,SS,South Sudanese Pound,"South Sudan declared its independence on July 9, 2011. Data are shown separately for South Sudan where available.",Sub-Saharan Africa,Low income,SS
ESP,Spain,Spain,Kingdom of Spain,ES,Euro,"A simple multiplier is used to convert the national currencies of EMU members to euros. The following irrevocable euro conversion rate was adopted by the EU Council on January 1, 1999: 1 euro = 166.386 Spanish peseta. Please note that historical data",Europe & Central Asia,High income: OECD,ES
LKA,Sri Lanka,Sri Lanka,Democratic Socialist Republic of Sri Lanka,LK,Sri Lankan rupee,,South Asia,Lower middle income,LK
KNA,St. Kitts and Nevis,St. Kitts and Nevis,St. Kitts and Nevis,KN,East Caribbean dollar,"April 2012 database update: Based on official government statistics, national accounts data were revised for 2000 onward; the base year changed to 2006.",Latin America & Caribbean,High income: nonOECD,KN
LCA,St. Lucia,St. Lucia,St. Lucia,LC,East Caribbean dollar,"April 2012 database update: Based on official government statistics, national accounts data were revised for 2000 onward; the base year changed to 2006.",Latin America & Caribbean,Upper middle income,LC
MAF,St. Martin (French part),St. Martin (French part),St. Martin (French part),MF,Euro,,Latin America & Caribbean,High income: nonOECD,MF
VCT,St. Vincent and the Grenadines,St. Vincent and the Grenadines,St. Vincent and the Grenadines,VC,East Caribbean dollar,"April 2012 database update: Based on official government statistics, national accounts data were revised for 2000 onward; the base year changed to 2006.",Latin America & Caribbean,Upper middle income,VC
SSF,Sub-Saharan Africa (all income levels),Sub-Saharan Africa (all income levels),Sub-Saharan Africa (all income levels),ZG,,Sub-Saharan Africa regional aggregate (including high-income economies).,,,ZG
SSA,Sub-Saharan Africa (developing only),Sub-Saharan Africa,Sub-Saharan Africa (developing only),ZF,,Sub-Saharan Africa regional aggregate (does not include high-income economies).,,,ZF
SDN,Sudan,Sudan,Republic of the Sudan,SD,Sudanese pound,"Demographic data (total population, life expectancy, fertility, child mortality, migration), education series, and HIV prevalence are reported separately for Sudan and South Sudan; see specific notes for other series. National accounts data exclude S",Sub-Saharan Africa,Lower middle income,SD
SUR,Suriname,Suriname,Republic of Suriname,SR,Suriname dollar,,Latin America & Caribbean,Upper middle income,SR
SWZ,Swaziland,Swaziland,Kingdom of Swaziland,SZ,Swaziland lilangeni,Fiscal year end: March 31; reporting period for national accounts data: CY.,Sub-Saharan Africa,Lower middle income,SZ
SWE,Sweden,Sweden,Kingdom of Sweden,SE,Swedish krona,Fiscal year end: June 30; reporting period for national accounts data: CY.,Europe & Central Asia,High income: OECD,SE
CHE,Switzerland,Switzerland,Switzerland,CH,Swiss franc,,Europe & Central Asia,High income: OECD,CH
SYR,Syrian Arab Republic,Syrian Arab Republic,Syrian Arab Republic,SY,Syrian pound,"April 2013 database update: Based on data from the Central Bureau of Statistics, national accounts data were revised for 2003 onward.",Middle East & North Africa,Lower middle income,SY
TJK,Tajikistan,Tajikistan,Republic of Tajikistan,TJ,Tajik somoni,,Europe & Central Asia,Lower middle income,TJ
TZA,Tanzania,Tanzania,United Republic of Tanzania,TZ,Tanzanian shilling,The new base year is 2007. Tanzania reports using a blend of SNA 1993 and SNA 2008.,Sub-Saharan Africa,Low income,TZ
THA,Thailand,Thailand,Kingdom of Thailand,TH,Thai baht,Fiscal year end: September 30; reporting period for national accounts data: CY.,East Asia & Pacific,Upper middle income,TH
BHS,The Bahamas,"Bahamas, The",Commonwealth of The Bahamas,BS,Bahamian dollar,,Latin America & Caribbean,High income: nonOECD,BS
GMB,The Gambia,"Gambia, The",Republic of The Gambia,GM,Gambian dalasi,"Fiscal year end: June 30; reporting period for national accounts data: CY. April 2013 database update: Based on official government statistics, national accounts data were revised for 2004 onward; the base year changed to 2004.",Sub-Saharan Africa,Low income,GM
TMP,Timor-Leste,Timor-Leste,Democratic Republic of Timor-Leste,TL,U.S. dollar,"Based on official government statistics, national account data have been revised, and value added is measured at basic prices; the new base year is 2010.",East Asia & Pacific,Lower middle income,TP
TGO,Togo,Togo,Republic of Togo,TG,West African CFA franc,"April 2013 database update: Based on IMF data, national accounts data have been revised for 2000; the new base year is 2000.",Sub-Saharan Africa,Low income,TG
TON,Tonga,Tonga,Kingdom of Tonga,TO,Tongan pa'anga,"2013 national accounts estimates are based on IMF reports. Fiscal year ends on June 30; reporting period for national accounts data: FY. April 2013 database update: Based on data from the National Bureau of Statistics, national accounts data were rev",East Asia & Pacific,Upper middle income,TO
TTO,Trinidad and Tobago,Trinidad and Tobago,Republic of Trinidad and Tobago,TT,Trinidad and Tobago dollar,,Latin America & Caribbean,High income: nonOECD,TT
TUN,Tunisia,Tunisia,Republic of Tunisia,TN,Tunisian dinar,,Middle East & North Africa,Upper middle income,TN
TUR,Turkey,Turkey,Republic of Turkey,TR,New Turkish lira,,Europe & Central Asia,Upper middle income,TR
TKM,Turkmenistan,Turkmenistan,Turkmenistan,TM,New Turkmen manat,"On January 1, 2009, the Turkmen manat was redenominated (1 new manat = 5,000 old manats).",Europe & Central Asia,Upper middle income,TM
TCA,Turks and Caicos Islands,Turks and Caicos Islands,Turks and Caicos Islands,TC,U.S. dollar,,Latin America & Caribbean,High income: nonOECD,TC
TUV,Tuvalu,Tuvalu,Tuvalu,TV,Australian dollar,2013 national accounts estimates are based on IMF reports. Value added is measured at producer prices up to 1999 and at basic prices from 2000 onward.,East Asia & Pacific,Upper middle income,TV
UGA,Uganda,Uganda,Republic of Uganda,UG,Ugandan shilling,Fiscal year end: June 30; reporting period for national accounts data: FY. Based on official government statistics; the new base year is 2009/10. Uganda reports using SNA 2008. Price valuation is in producer prices.,Sub-Saharan Africa,Low income,UG
UKR,Ukraine,Ukraine,Ukraine,UA,Ukrainian hryvnia,,Europe & Central Asia,Lower middle income,UA
ARE,United Arab Emirates,United Arab Emirates,United Arab Emirates,AE,U.A.E. dirham,"April 2013 database update: Based on data from the National Bureau of Statistics, national accounts data were revised for 2001 onward; the base year changed to 2007.",Middle East & North Africa,High income: nonOECD,AE
GBR,United Kingdom,United Kingdom,United Kingdom of Great Britain and Northern Ireland,GB,Pound sterling,,Europe & Central Asia,High income: OECD,GB
USA,United States,United States,United States of America,US,U.S. dollar,Fiscal year end: September 30; reporting period for national accounts data: CY.,North America,High income: OECD,US
UMC,Upper middle income,Upper middle income,Upper middle income,XT,,"Upper middle income group aggregate. Upper-middle-income economies are those in which 2014 GNI per capita was between $4,126 and $12,735.",,,XT
URY,Uruguay,Uruguay,Oriental Republic of Uruguay,UY,Uruguayan peso,"In 2011, the Central Bank revised national accounts data for 2006 onward.",Latin America & Caribbean,High income: nonOECD,UY
UZB,Uzbekistan,Uzbekistan,Republic of Uzbekistan,UZ,Uzbek sum,,Europe & Central Asia,Lower middle income,UZ
VUT,Vanuatu,Vanuatu,Republic of Vanuatu,VU,Vanuatu vatu,"2013 national accounts estimates are based on IMF reports. Based on official government statistics, value added is measured at producer prices through 1997 and at basic prices from 1998 onward.",East Asia & Pacific,Lower middle income,VU
VEN,Venezuela,"Venezuela, RB",República Bolivariana de Venezuela,VE,Venezuelan bolivar fuerte,,Latin America & Caribbean,High income: nonOECD,VE
VNM,Vietnam,Vietnam,Socialist Republic of Vietnam,VN,Vietnamese dong,"Based on data from the Vietnam Statistics Office, national accounts data have been revised from 2000 onward; the new base year is 2010.",East Asia & Pacific,Lower middle income,VN
VIR,Virgin Islands,Virgin Islands (U.S.),Virgin Islands of the United States,VI,U.S. dollar,,Latin America & Caribbean,High income: nonOECD,VI
WBG,West Bank and Gaza,West Bank and Gaza,West Bank and Gaza,PS,Israeli new shekel,The new base year is 2004.,Middle East & North Africa,Lower middle income,GZ
WLD,World,World,World,1W,,World aggregate.,,,1W
YEM,Yemen,"Yemen, Rep.",Republic of Yemen,YE,Yemeni rial,"Based on official government statistics and International Monetary Fund data, national accounts data have been revised for 1990 onward. The new base year is 2007.",Middle East & North Africa,Lower middle income,RY
ZMB,Zambia,Zambia,Republic of Zambia,ZM,New Zambian kwacha,"The new base year is 2010. National accounts data were rebased to reflect the January 1, 2013, introduction of the new Zambian kwacha at a rate of 1,000 old kwacha = 1 new kwacha. Zambia reports using SNA 2008.",Sub-Saharan Africa,Lower middle income,ZM
ZWE,Zimbabwe,Zimbabwe,Republic of Zimbabwe,ZW,U.S. dollar,"Fiscal year end: June 30; reporting period for national accounts data: CY. As of January 2009, multiple hard currencies, such as rand, pound sterling, euro and U.S. dollar are in use. Data are reported in U.S. dollars, the most-used currency.",Sub-Saharan Africa,Low income,ZW
